0c7ac4a8c9dfa802.png,779
f43fbfe8a9ea876c.png,378
4fc263d35a3ad3ee.png,123
cc13c2bc5cdd1f44.png,741
73a52afd2f818ed5.png,696
58f0fd17c4a0e25a.png,100
90e11aa7c36c64f2.png,1
696f0f6bea562bf8.png,267
df58f94361c6d105.png,13
1394faa319bd353c.png,507
6cae4a23623d142b.png,440
d02adcb9140880a1.png,783
71080285ad6cb4e9.png,478
137ab6ca314e9e35.png,556
c819099fed6f0d73.png,777
4b384c8247b56c0a.png,925
62ebd5f7ce015380.png,692
f24817d66024dfb6.png,740
1b57d7bbd673c771.png,927
a2de1f4f2c1021fa.png,185
3e7b01ba495f15f9.png,410
1a264165276e3c85.png,759
bc9a5e01c02e759e.png,18
01bdc0cfe670f708.png,541
6af829a442e2e0e7.png,231
493694833dc23399.png,835
6ac94c9244f84aa3.png,336
7529b42e71769777.png,618
d204464fcf15ad99.png,269
7fd7ce3eb2bf9944.png,113
303781188f1b3b27.png,339
67967c9db11151e0.png,820
fa2a7d600b62174e.png,572
cd2d2889ef7ac51c.png,607
11954d93a7051cb5.png,503
03f90f7138f761e8.png,490
19935b1c0a4d305d.png,642
9cf861a657c27cec.png,897
05817a675e7506d1.png,754
e1c702ed9842dd1c.png,757
e7cafac174e90143.png,116
1a680f33500acb4b.png,73
81ddbe14219e9dcf.png,672
04cb9de291399d15.png,451
23f9d18d531eb148.png,851
63f2e14ab6be82cf.png,694
0dffbfa7ba43cb90.png,95
a97274c7e80a1764.png,926
85e2eea48d912d31.png,136
ff5182599937c1ec.png,210
4bb12984b41d0834.png,8
150249123e81930d.png,485
f963957ccfa82f6b.png,8
890fdaf4e1892e00.png,692
9a1c67f467b9beea.png,90
217597258ac12258.png,805
346c5575b60194c3.png,625
296033c3a5910845.png,797
3a7d9bd310202e93.png,660
56e9d5f63cfc507e.png,624
602f2c3749d6021e.png,106
7c754696067fdfa9.png,469
8f5eda0b6a910b43.png,918
89119361e9d9e02d.png,473
da63f2acf683c0a7.png,617
741fc1a3fc08731d.png,400
d77af00930283f4b.png,649
97151fe7a0a6e2e3.png,228
393d40f3a6a79400.png,846
8f5e0855ca8de8ea.png,716
d72f34526e12fd83.png,325
957529a2abaa0581.png,648
3bd1ba0432603b28.png,89
3228a465697fb2cf.png,922
871c99d5658c3189.png,587
1733cbc68a2ae05d.png,892
69a3493d13953e1f.png,407
8a82ddd7ab76efbb.png,908
e95ef0aeeab7b496.png,860
8555611998ea426a.png,497
1cc2caf8e5db27c3.png,607
a00c8d22e63497c4.png,892
4f553b721705d008.png,3
f1ce339a44d7a118.png,702
2153d9869fb5a9ef.png,942
7506caf0a49c3951.png,724
1d4133f5bc7af193.png,911
fd26c4733822dfcc.png,451
60f5900a00d94b25.png,558
79f953be91aa8ce2.png,588
d9da4e5ef53d5e8b.png,487
0411ca972e637297.png,697
92dbb18dd447fd75.png,194
65251969959ce0e6.png,837
b76e552d4b3ec0c3.png,191
828ade8df2d14c45.png,988
3dc0e8f854bdc9b3.png,921
6bb6cf032c1286c5.png,367
2e9b377877f64b3d.png,706
2842a69bf5b14526.png,757
